SERVICO_DESCRICAO,mean,std
INST.PROV. ILUMINACAO PROJETORES,2.242296072507553,12.734785504682721
PANFLETAGEN IRREGULAR EM VIAS PUBLICAS,2.076923076923077,4.279467975560298
INSTALACAO PROVISORIA DE QUADRO,1.1293302540415704,5.3421709559526676
REMOCAO DE ANIMAIS MORTOS PEQUENOS,0.5699838187702265,1.6278500890205039
REMOCAO DE ANIMAIS MORTOS DE GRANDE PORTE,0.36741682974559686,0.9130237212932533
